{
  "features": [
    "adx",
    "atr_points",
    "stddev_points",
    "ema_slope_points",
    "ret1_points",
    "range_points",
    "minute_of_day",
    "dow"
  ],
  "means": [
    30.721316579165055,
    109.08436279697142,
    105.51763713968461,
    -0.3695863808611799,
    0.3503256625033535,
    107.5892572361165,
    746.2942569380273,
    2.9890191373297164
  ],
  "stds": [
    11.869941335711916,
    80.79062865762054,
    97.63675479509318,
    13.260695629728225,
    95.13329933485903,
    99.15599762883073,
    396.85462262733745,
    1.412980798973967
  ],
  "weights": [
    0.0075662514890482,
    -0.26053952789406337,
    0.019890106070657925,
    0.034343503589158046,
    -0.006049605676154787,
    -0.7340383408925109,
    0.007420976522786055,
    -0.024727000106545508
  ],
  "bias": 1.5657411335790836,
  "threshold": 0.5,
  "lookahead": 30,
  "bad_move_points": 500,
  "point": 0.01
}