{
  "features": [
    "adx",
    "atr",
    "stddev",
    "ema_slope_points"
  ],
  "means": [
    30.521511490243338,
    1.8440807805331811,
    1.7644499059216505,
    -0.7418882793175618
  ],
  "stds": [
    11.7581010562576,
    1.1235030961900527,
    1.4317319621052533,
    20.711081947337707
  ],
  "weights": [
    0.021760380596065176,
    -0.14725458575424885,
    -0.005059894725480952,
    0.03708797642036173
  ],
  "bias": 0.49658111788939285,
  "threshold": 0.5,
  "lookahead": 30,
  "bad_move_points": 500,
  "point": 0.01
}